Real per digit,GAN per digit,Accuracy
350,0,0.954800009727478
350,1000,0.9675999879837036
350,1500,0.9650999903678894
350,2000,0.9573000073432922
750,0,0.9732999801635742
750,1000,0.9718999862670898
750,1500,0.9751999974250793
750,2000,0.9638000130653381
1000,0,0.968999981880188
1000,1000,0.9775000214576721
1000,1500,0.9735000133514404
1000,2000,0.9739999771118164
