Real per digit,Aug per digit,Accuracy
350,0,0.9202342387471165
350,1000,0.9478965081706483
350,1500,0.9229259315488476
350,2000,0.9451118720349299
750,0,0.9145831749722876
750,1000,0.9620079909734274
750,1500,0.9042821836223649
750,2000,0.9812495582527203
1000,0,0.9723105456984652
1000,1000,0.9203635417972952
1000,1500,0.9147418802942239
1000,2000,0.9471348219619664
