feature,dims,extract_time_sec
DCT_225,225,0.30837138800052344
PCA_95,161,1.0019051150011364
HOG,1296,8.083633355001439
