Real per digit,Aug per digit,Accuracy
350,0,0.9664000272750854
350,1000,0.9789999723434448
350,1500,0.9807999730110168
350,2000,0.9769999980926514
750,0,0.9776999950408936
750,1000,0.984499990940094
750,1500,0.9824000000953674
750,2000,0.9843000173568726
1000,0,0.9783999919891357
1000,1000,0.9835000038146973
1000,1500,0.9876000285148621
1000,2000,0.9873999953269958
